{"cameraMode":{"drawMode":0,"name":"Shaded","section":"Shading Mode"},"sceneLighting":true,"audioPlay":false,"sceneViewState":{"showFog":true,"showMaterialUpdate":false,"showSkybox":true,"showFlares":true,"showImageEffects":true,"showParticleSystems":true,"showVisualEffectGraphs":true,"m_FxEnabled":true},"in2DMode":false,"pivot":{"x":450.56768798828127,"y":167.88536071777345,"z":81.7059097290039},"rotation":{"x":-0.18139399588108064,"y":-0.0012010222999379039,"z":0.00023646886984352022,"w":-0.9834384322166443},"size":245.0548858642578,"orthographic":false}