{"cameraMode":{"drawMode":0,"name":"Shaded","section":"Shading Mode"},"sceneLighting":true,"audioPlay":false,"sceneViewState":{"showFog":true,"showMaterialUpdate":false,"showSkybox":true,"showFlares":true,"showImageEffects":true,"showParticleSystems":true,"showVisualEffectGraphs":true,"m_FxEnabled":true},"in2DMode":false,"pivot":{"x":20.456430435180665,"y":-3.196575164794922,"z":-21.345930099487306},"rotation":{"x":-0.41631579399108889,"y":-0.043367642909288409,"z":0.0198825690895319,"w":-0.9079985022544861},"size":28.521095275878908,"orthographic":false}