{"cameraMode":{"drawMode":0,"name":"Shaded","section":"Shading Mode"},"sceneLighting":true,"audioPlay":false,"sceneViewState":{"showFog":true,"showMaterialUpdate":false,"showSkybox":true,"showFlares":true,"showImageEffects":true,"showParticleSystems":true,"showVisualEffectGraphs":true,"m_FxEnabled":true},"in2DMode":false,"pivot":{"x":2.5204544067382814,"y":13.476110458374024,"z":2.166060447692871},"rotation":{"x":0.09677170217037201,"y":-0.2408667802810669,"z":0.024133576080203058,"w":0.9654370546340942},"size":18.38593101501465,"orthographic":false}