{"cameraMode":{"drawMode":0,"name":"Shaded","section":"Shading Mode"},"sceneLighting":true,"audioPlay":false,"sceneViewState":{"showFog":true,"showMaterialUpdate":false,"showSkybox":true,"showFlares":true,"showImageEffects":true,"showParticleSystems":true,"showVisualEffectGraphs":true,"m_FxEnabled":true},"in2DMode":false,"pivot":{"x":32.42210006713867,"y":11.131479263305664,"z":-25.073589324951173},"rotation":{"x":0.24830493330955506,"y":0.7119540572166443,"z":-0.30344757437705996,"w":0.5825864672660828},"size":5.0965046882629398,"orthographic":false}