{"cameraMode":{"drawMode":0,"name":"Shaded","section":"Shading Mode"},"sceneLighting":true,"audioPlay":false,"sceneViewState":{"showFog":true,"showMaterialUpdate":false,"showSkybox":true,"showFlares":true,"showImageEffects":true,"showParticleSystems":true,"showVisualEffectGraphs":true,"m_FxEnabled":true},"in2DMode":false,"pivot":{"x":593.5023803710938,"y":366.26959228515627,"z":-587.8368530273438},"rotation":{"x":-0.10271661728620529,"y":-0.006871623452752829,"z":0.000712510256562382,"w":-0.9947019815444946},"size":15.302947998046875,"orthographic":false}