{"cameraMode":{"drawMode":0,"name":"Shaded","section":"Shading Mode"},"sceneLighting":true,"audioPlay":false,"sceneViewState":{"showFog":true,"showMaterialUpdate":false,"showSkybox":true,"showFlares":true,"showImageEffects":true,"showParticleSystems":true,"showVisualEffectGraphs":true,"m_FxEnabled":true},"in2DMode":false,"pivot":{"x":-4.425161361694336,"y":0.549485445022583,"z":3.5554704666137697},"rotation":{"x":0.23983143270015717,"y":-0.32432833313941958,"z":0.08536659926176071,"w":0.9110638499259949},"size":20.994220733642579,"orthographic":false}