{"cameraMode":{"drawMode":0,"name":"Shaded","section":"Shading Mode"},"sceneLighting":true,"audioPlay":false,"sceneViewState":{"showFog":true,"showMaterialUpdate":false,"showSkybox":true,"showFlares":true,"showImageEffects":true,"showParticleSystems":true,"showVisualEffectGraphs":true,"m_FxEnabled":true},"in2DMode":false,"pivot":{"x":0.5818989872932434,"y":0.47491127252578738,"z":1.4656641483306885},"rotation":{"x":-0.14901725947856904,"y":0.7262123823165894,"z":-0.16644784808158875,"w":-0.6501601338386536},"size":2.405501127243042,"orthographic":false}