{"cameraMode":{"drawMode":0,"name":"Shaded","section":"Shading Mode"},"sceneLighting":true,"audioPlay":false,"sceneViewState":{"showFog":true,"showMaterialUpdate":false,"showSkybox":false,"showFlares":true,"showImageEffects":true,"showParticleSystems":true,"showVisualEffectGraphs":true,"m_FxEnabled":true},"in2DMode":false,"pivot":{"x":0.06319442391395569,"y":2.2699999809265138,"z":1.8180441856384278},"rotation":{"x":-0.23109197616577149,"y":0.7498576641082764,"z":-0.3302946388721466,"w":-0.5246774554252625},"size":0.3473111689090729,"orthographic":false}